{"loss": [1.816104531288147, 1.6584193706512451], "acc": [0.2456333339214325, 0.34123334288597107], "val_loss": [1.726915955543518, 1.4806126356124878], "val_acc": [0.3060869574546814, 0.4356521666049957]}