{"accuracy": [0.26175597310066223, 0.3673241436481476, 0.4123581647872925, 0.4418921172618866, 0.46385058760643005, 0.4864374101161957, 0.5049397945404053, 0.5199511051177979, 0.5361843109130859, 0.5480886697769165, 0.562646210193634, 0.5693838596343994, 0.5824053287506104, 0.5958107709884644, 0.6022342443466187, 0.6100192070007324, 0.6217839121818542, 0.6319427490234375, 0.6400418877601624, 0.6507592797279358, 0.25994065403938293, 0.3608308732509613, 0.4107872247695923, 0.4380171000957489, 0.46517717838287354, 0.4871007204055786, 0.5023564100265503, 0.5214173793792725, 0.5372316241264343, 0.547809362411499, 0.557095468044281, 0.5715482831001282, 0.5798219442367554, 0.5928783416748047, 0.6046081185340881, 0.6144877076148987, 0.6212602257728577, 0.6321521997451782, 0.6405306458473206, 0.6500959992408752, 0.6606388688087463, 0.6699598431587219, 0.6779542565345764, 0.6854948401451111, 0.697503924369812, 0.7062663435935974, 0.7117123603820801, 0.7228137254714966, 0.7311921715736389, 0.7400942444801331], "val_accuracy": [0.2813895046710968, 0.3560267984867096, 0.3967633843421936, 0.4429408609867096, 0.4542410671710968, 0.4446149468421936, 0.4679129421710968, 0.4916294515132904, 0.4747488796710968, 0.5016741156578064, 0.5135323405265808, 0.5062779188156128, 0.5046038031578064, 0.5299944281578064, 0.5389229655265808, 0.54296875, 0.5520368218421936, 0.5530133843421936, 0.5634765625, 0.5657086968421936, 0.2427455335855484, 0.3371930718421936, 0.3772321343421936, 0.4079241156578064, 0.4305245578289032, 0.4520089328289032, 0.4616350531578064, 0.4914899468421936, 0.4856305718421936, 0.5044642686843872, 0.5013951063156128, 0.5178571343421936, 0.5304129719734192, 0.5146484375, 0.5389229655265808, 0.5545479655265808, 0.5246930718421936, 0.5604073405265808, 0.5511997938156128, 0.5446428656578064, 0.5531529188156128, 0.5475725531578064, 0.5736607313156128, 0.5694754719734192, 0.5638951063156128, 0.5728236436843872, 0.5758928656578064, 0.5823102593421936, 0.5786830186843872, 0.5775669813156128], "loss": [1.7993441820144653, 1.6259875297546387, 1.5288492441177368, 1.4534263610839844, 1.4004167318344116, 1.3490639925003052, 1.304339051246643, 1.2698924541473389, 1.2347595691680908, 1.1985770463943481, 1.1695120334625244, 1.1422600746154785, 1.1148773431777954, 1.0899523496627808, 1.0676531791687012, 1.0453191995620728, 1.0208019018173218, 0.9955170750617981, 0.9750494360923767, 0.9430217146873474, 1.801469087600708, 1.635926604270935, 1.5385218858718872, 1.4636740684509277, 1.4034156799316406, 1.350578784942627, 1.308103322982788, 1.266261100769043, 1.2306627035140991, 1.1960530281066895, 1.1662911176681519, 1.1363452672958374, 1.1121540069580078, 1.0900840759277344, 1.0628522634506226, 1.0378447771072388, 1.0170704126358032, 0.9902849793434143, 0.9714599251747131, 0.9473587870597839, 0.9171298146247864, 0.8962734341621399, 0.8762521743774414, 0.8544448614120483, 0.8305686116218567, 0.8023896813392639, 0.784015417098999, 0.7576217651367188, 0.737577497959137, 0.7168456315994263], "val_loss": [1.7640467882156372, 1.6204605102539062, 1.5437040328979492, 1.4580564498901367, 1.4125566482543945, 1.4295417070388794, 1.3732980489730835, 1.3177651166915894, 1.3544740676879883, 1.2909276485443115, 1.267090916633606, 1.2859714031219482, 1.2766374349594116, 1.2403205633163452, 1.2080450057983398, 1.1975892782211304, 1.1884355545043945, 1.1775001287460327, 1.1579760313034058, 1.1608543395996094, 1.7856277227401733, 1.6531747579574585, 1.556821584701538, 1.4977399110794067, 1.4568413496017456, 1.4045320749282837, 1.3728694915771484, 1.326568365097046, 1.3200085163116455, 1.2873789072036743, 1.2721408605575562, 1.2468012571334839, 1.2222718000411987, 1.2521419525146484, 1.1976040601730347, 1.1811631917953491, 1.2389154434204102, 1.1578525304794312, 1.1789582967758179, 1.203348159790039, 1.1758137941360474, 1.200904130935669, 1.1472117900848389, 1.141615867614746, 1.1655617952346802, 1.150377631187439, 1.1545437574386597, 1.140130877494812, 1.1483465433120728, 1.155645728111267]}